{
  "answers": {
    "phase": "architecture",
    "action": "architectural style selection",
    "scope": "uml component",
    "action experience": 3,
    "target": "SOA",
    "aimodel": "chatgpt 4o",
    "tool option": "online full",
    "experience with tool": 4,
    "time allocated (h)": "1",
    "time saved estimate (h)": "0.5",
    "quality of ai help": 1,
    "knowledge acquired": 2,
    "generic feeling - now": 2,
    "generic feeling - future": 3,
    "threat level": 1,
    "notes": "helped me with orchestration\n"
  }
}