{
  "answers": {
    "phase": "design",
    "action": "design decision",
    "scope": "backend",
    "action experience": 3,
    "target": "n/a",
    "aimodel": "chatgpt 4o",
    "tool option": "online full",
    "experience with tool": 3,
    "time allocated (h)": "0.5",
    "time saved estimate (h)": "0.5",
    "quality of ai help": 3,
    "knowledge acquired": 3,
    "generic feeling - now": 3,
    "generic feeling - future": 3,
    "threat level": 3,
    "notes": "google email to schema"
  }
}