{
  "answers": {
    "phase": "deployment",
    "action": "container operations",
    "scope": "api",
    "action experience": 3,
    "target": "yaml/json",
    "aimodel": "chatgpt 4o",
    "tool option": "online full",
    "experience with tool": 4,
    "time allocated (h)": "1.5",
    "time saved estimate (h)": "1",
    "quality of ai help": 1,
    "knowledge acquired": 2,
    "generic feeling - now": 2,
    "generic feeling - future": 3,
    "threat level": 1,
    "notes": "helped me with microservice upload handler\n"
  }
}