{
  "answers": {
    "phase": "architecture",
    "action": "architectural decision",
    "scope": "uml component",
    "action experience": 2,
    "target": "microservices",
    "aimodel": "chatgpt 4o",
    "tool option": "online free",
    "experience with tool": 3,
    "time allocated (h)": "0.1",
    "time saved estimate (h)": "0.3",
    "quality of ai help": 2,
    "knowledge acquired": 1,
    "generic feeling - now": 2,
    "generic feeling - future": 4,
    "threat level": 3,
    "notes": "Help with the UML Component diagram"
  }
}