{
  "answers": {
    "phase": "design",
    "action": "design decision",
    "scope": "frontend",
    "action experience": 4,
    "target": "n/a",
    "aimodel": "chatgpt 4o",
    "tool option": "online full",
    "experience with tool": 4,
    "time allocated (h)": "0.5",
    "time saved estimate (h)": "0.5",
    "quality of ai help": 4,
    "knowledge acquired": 0,
    "generic feeling - now": 3,
    "generic feeling - future": 3,
    "threat level": 2,
    "notes": "login button design"
  }
}