{
  "answers": {
    "phase": "coding",
    "action": "code management",
    "scope": "data management",
    "action experience": 3,
    "target": "js / node",
    "aimodel": "chatgpt 4o",
    "tool option": "online full",
    "experience with tool": 4,
    "time allocated (h)": "0.1",
    "time saved estimate (h)": "1.5",
    "quality of ai help": 3,
    "knowledge acquired": 3,
    "generic feeling - now": 3,
    "generic feeling - future": 4,
    "threat level": 4,
    "notes": "instructor connection"
  }
}