{
  "answers": {
    "phase": "coding",
    "action": "code management",
    "scope": "backend",
    "action experience": 2,
    "target": "js / node",
    "aimodel": "chatgpt 4o",
    "tool option": "online full",
    "experience with tool": 2,
    "time allocated (h)": "0.5",
    "time saved estimate (h)": "0.5",
    "quality of ai help": 2,
    "knowledge acquired": 1,
    "generic feeling - now": 2,
    "generic feeling - future": 3,
    "threat level": 3,
    "notes": "adding user for google login"
  }
}