{
  "answers": {
    "phase": "coding",
    "action": "code management",
    "scope": "frontend",
    "action experience": 5,
    "target": "js / node",
    "aimodel": "chatgpt 4o",
    "tool option": "online full",
    "experience with tool": 5,
    "time allocated (h)": "0.5",
    "time saved estimate (h)": "0.5",
    "quality of ai help": 5,
    "knowledge acquired": 0,
    "generic feeling - now": 5,
    "generic feeling - future": 3,
    "threat level": 1,
    "notes": "add user button"
  }
}