{
  "answers": {
    "phase": "architecture",
    "action": "architectural decision",
    "scope": "uml deployment",
    "action experience": 0,
    "target": "microservices",
    "aimodel": "chatgpt 4o",
    "tool option": "online full",
    "experience with tool": 4,
    "time allocated (h)": "0.2",
    "time saved estimate (h)": "2.2",
    "quality of ai help": 2,
    "knowledge acquired": 3,
    "generic feeling - now": 1,
    "generic feeling - future": 3,
    "threat level": 2,
    "notes": ""
  }
}