{
  "answers": {
    "phase": "deployment",
    "action": "container operations",
    "scope": "data management",
    "action experience": 4,
    "target": "yaml/json",
    "aimodel": "chatgpt 4o",
    "tool option": "online full",
    "experience with tool": 3,
    "time allocated (h)": "1.5",
    "time saved estimate (h)": "2.5",
    "quality of ai help": 4,
    "knowledge acquired": 2,
    "generic feeling - now": 5,
    "generic feeling - future": 5,
    "threat level": 2,
    "notes": ""
  }
}