{
  "answers": {
    "phase": "coding",
    "action": "code management",
    "scope": "data management",
    "action experience": 4,
    "target": "js / node",
    "aimodel": "chatgpt 4o",
    "tool option": "online full",
    "experience with tool": 4,
    "time allocated (h)": "1",
    "time saved estimate (h)": "4",
    "quality of ai help": 4,
    "knowledge acquired": 4,
    "generic feeling - now": 4,
    "generic feeling - future": 4,
    "threat level": 3,
    "notes": "Google login"
  }
}